prediction,ground_truth,filename
Comme indiqué dans les conditions particulières de mon contrat d'assurance,Comme indiqué dans les conditions particulières de mon contrat d'assurance,eval2011-0_0
"habitation n° DPUET36, je souhaite vous faire part de mon récent démenagement","habitation n° DPUET36, je souhaite vous faire part de mon récent déménagement",eval2011-0_1
Je tiens à vous assurer de ma satisfaction quant à la qualité de,Je tiens à vous assurer de ma satisfaction quant à la qualité de,eval2011-0_10
"service dont j'ai bénéficié jusqu'ici. Je vous prie, Madame, Monsieur,","service dont j'ai bénéficié jusqu'ici. Je vous prie, Madame, Monsieur,",eval2011-0_11
d'accepter l'expression de mes salutations distinguées.,d'accepter l'expression de mes salutations distinguées.,eval2011-0_12
"de mon domicile du 3 Rue Gambetta, 57000 ME17, en tate du 28 février","de mon domicile du 3 Rue Gambetta, 57000 METZ, en date du 28 février",eval2011-0_2
2007.,2007.,eval2011-0_3
Je souhaite donc que vous procédiez à la résiliation de mon contrat,Je souhaite donc que vous procédiez à la résiliation de mon contrat,eval2011-0_4
"d'assurance habitation concernant ce logement, comme stipulé dans les conditions","d'assurance habitation concernant ce logement, comme stipulé dans les conditions",eval2011-0_5
"gémérales du contrat. Je vous prie, par ailleurs, de me faire parvenir une","générales du contrat. Je vous prie, par ailleurs, de me faire parvenir une",eval2011-0_6
motification de résiliation dans les plus brefs délais et de procéder au remboursement,notification de résiliation dans les plus brefs délais et de procéder au remboursement,eval2011-0_7
de la part de cotisation correspondant à la période pour laquelle je ne suis,de la part de cotisation correspondant à la période pour laquelle je me suis,eval2011-0_8
plus garant,plus garant :,eval2011-0_9
"Mier, en sertant de chez moi, j'ai malencontreusement marchésur le chien de ma","Hier, en sortant de chez moi, j'ai malencontreusement marché sur le chien de ma",eval2011-10_0
"voisire. Celle-ci, tenant beaucoupài sonchien, a été porticulièrement affectée par l'accident","voisine. Celle-ci, tenant beaucoup à son chien, a été particulièrement affectée par l'accident",eval2011-10_1
et me demande un dédommagement de taille,et me demande un dédommagement de taille,eval2011-10_2
"Etant assuréechez vour depuis de nombreuses années, je saisque l'on peut compter","Etant assurée chez vous depuis de nombreuses années, je sais que l'on peut compter",eval2011-10_3
sur l'effiacité de vos sorvices. J'aurais i ci bessin que vous me couvriez au totre de,sur l'efficacité de vos services. J' aurais ici besoin que vous me couvriez au titre de,eval2011-10_4
la responsabilité civile.,la responsabilité civile.,eval2011-10_5
"Dans l'attente de votre réponse,","Dans l'attente de votre réponse,",eval2011-10_6
Cordialement,Cordialement,eval2011-10_7
j'aimerais doubler mes prochaines commande de CD vierges de,J'aimerais doubler mes prochaines commandes de CD vierges de,eval2011-11_0
la part de votre aganisme.,la part de votre organisme.,eval2011-11_1
Je vous serais gé de me tenir au caurant de la posstalité,Je vous serais gré de me tenir au courant de la possibilité,eval2011-11_2
de cette commande.,de cette commande.,eval2011-11_3
"Vous remerciant d'avance, veuillez agréer, Madame, Monsieur,","Vous remerciant d'avance, veuillez agréer, Madame, Monsieur,",eval2011-11_4
l'expression de mes sentiments resectueux.,l'expression de mes sentiments respectueux.,eval2011-11_5
Ayant passé commande de 10 CD,Ayant passé commande de 10 CD,eval2011-12_0
"vierges ""verbation sur votre site interner","vierges ""Verbatim"" sur votre site internet",eval2011-12_1
le 13012007 et n'ayant toujons,le 13 01 2007 et n'ayant toujours,eval2011-12_2
pas de nouvelles de me commende,pas de nouvelles de ma commande,eval2011-12_3
e voudrais modifier avant l'expédition,Je voudrais modifier avant l'expédition,eval2011-12_4
le nombre de CDcommandés.,le nombre de CD - commandés -,eval2011-12_5
au lieu de 10 CD,au lieu de 10 CD,eval2011-12_6
J'en désire 20-CD,J'en désire 20 - CD,eval2011-12_7
Merci-,Merci -,eval2011-12_8
Je me permet de vous écrire afin d'obtenir de la,Je me permet de vous écrire afin d'obtenir de la,eval2011-13_0
documentation concernant vos contrts d'assurance vie.,documentation concernant vos contrats d'assurance vie.,eval2011-13_1
"En effet, mes priorités ont changé depuis la naissance","En effet, mes priorités ont changé depuis la naissance",eval2011-13_2
de mon enfant,de mon enfant.,eval2011-13_3
"Dans l'attente de votre réponse,","Dans l'attente de votre réponse,",eval2011-13_4
"Veuillez agréer, Madame, Monsieur, l'expression de","Veuillez agréer, Madame, Monsieur, l'expression de",eval2011-13_5
mes sentiments distingués.,mes sentiments distingués.,eval2011-13_6
Je vous remercie taut d'ab-orel pour l'efficacité mise en oeuvre par,Je vous remercie tout d'abord pour l'efficacité mise en oeuvre par,eval2011-14_0
"mon conseiller, M. Junida, au moment de l'ouverture de mon assurance","mon conseiller, M. Junida, au moment de l'ouverture de mon assurance",eval2011-14_1
habitation il y a 8 mois maintenant.,habitation il y a 8 mois maintenant.,eval2011-14_2
"Néaumoins, étant donnée ma nouvelle affectation professionnelle en région","Néanmoins, étant donnée ma nouvelle affectation professionnelle en région",eval2011-14_3
"Pravince. Alper-Côte d'Ajur, je dois natuvellement envisager un déménagement","Province-Alpes-Côte-d'Azur, je dois naturellement envisager un déménagement",eval2011-14_4
dans les plus brefs délais.,dans les plus brefs délais.,eval2011-14_5
C'est pourquoi je parte à votre connaissance ma volonté de résilier mon,C'est pourquoi je porte à votre connaissance ma volonté de résilier mon,eval2011-14_6
compte au bein de votre société d'assurance.,compte au sein de votre société d'assurance.,eval2011-14_7
"Dans l'attente d'un accusé de réception et de l'application de mon message,","Dans l'attente d'un accusé de réception et de l'application de mon message,",eval2011-14_8
"je vous prie d'agréer Madame, Monsieur, l'expression de mes sincères salutations.","je vous prie d'agréer Madame, Monsieur, l'expression de mes sincères salutations.",eval2011-14_9
Je vous prie de bien vouloir prendre acte de ma volonté de résilier à reception de la présente,Je vous prie de bien vouloir prendre acte de ma volonté de résilier à reception de la présente,eval2011-15_0
le contrat d'assurance habitation souscrit pour ma maison pour caure de vente de ce bien,le contrat d'assurance habitation souscrit pour ma maison pour cause de vente de ce bien,eval2011-15_1
immobilier.,immobilier.,eval2011-15_2
"Je vous serais reconnaissant de me faire parvenir, le plus rapidement possible, une notification","Je vous serais reconnaissant de me faire parvenir, le plus rapidement possible, une notification",eval2011-15_3
de résiliation.,de résiliation.,eval2011-15_4
"Dans cete attente, je vous prie d'agréer, Madame, Monsieur, l'assurance de mes sentiments","Dans cette attente, je vous prie d'agréer, Madame, Monsieur, l'assurance de mes sentiments",eval2011-15_5
distingués.,distingués.,eval2011-15_6
Cordialement,Cordialement,eval2011-15_7
Je soussignée MATEI Adèle vous recontacte suite à un courrier,Je soussignée MATEI Adèle vous recontacte suite à un courrier,eval2011-16_0
resté sans réponse.,resté sans réponse.,eval2011-16_1
Je vous ai en effet contacté le mois dernier pour vous demander,Je vous ai en effet contacté le mois dernier pour vous demander,eval2011-16_2
des informations concernant les modalités de remboursement des,des informations concernant les modalités de remboursement des,eval2011-16_3
soins dentaires.,soins dentaires.,eval2011-16_4
Espérant que vous prendrez le temps de répondre à ma,Espérant que vous prendrez le temps de répondre à ma,eval2011-16_5
"requête, je vous prie d'agréer Madame, Monsieur, l'expression de mes","requête, je vous prie d'agréer Madame, Monsieur, l'expression de mes",eval2011-16_6
salutations distinguées.,salutations distinguées.,eval2011-16_7
Comme convenu lors de notre entretien télé.,Comme convenu lors de notre entretien télé-,eval2011-17_0
"phomique, je vous confirme ma demande par éauit","phonique, je vous confirme ma demande par écrit",eval2011-17_1
de résiliation d'assurance auto pour le motif suivant.,de résiliation d'assurance auto pour le motif suivant :,eval2011-17_2
"vente de mon véhicule, et à la date de la voute :","vente de mon véhicule, et à la date de la vente :",eval2011-17_3
12 mons 2007.,12 mars 2007.,eval2011-17_4
"Cordialement,","Cordialement,",eval2011-17_5
"Je tiens à faire une réclamation. En effet, je","Je tiens à faire une réclamation. En effet, je",eval2011-18_0
"ne suis pas du tout satisfaite, car il y a une","ne suis pas du tout satisfaite, car il y a une",eval2011-18_1
erreur dans le produit qu'on m'a livré.,erreur dans le produit qu'on m'a livré.,eval2011-18_2
Je l'ai commandé chez :,Je l'ai commandé chez :,eval2011-18_3
Baf télécon,Bof télécom,eval2011-18_4
Boulevard Naquet,Boulevard Naquet,eval2011-18_5
84 200 Carpentras.,84200 Carpentras,eval2011-18_6
"Par consiquent, je veus être remboursé dans les","Par conséquent, je veux être remboursé dans les",eval2011-18_7
meilleurs délai,meilleurs délai.,eval2011-18_8
Je vous prie d'agréer mes salutations les plus distingue,Je vous prie d'agréer mes salutations les plus distinguées,eval2011-18_9
Je souhaiterais recevoir de la documentation,Je souhaiterais recevoir de la documentation,eval2011-19_0
concernant les contrats d'assurance vie car je me marie pro.,concernant les contrats d'assurance vie car je me marie pro-,eval2011-19_1
chainsement et nous songeons à prendre quelques dispooiton.,chainement et nous songeons à prendre quelques dispositions,eval2011-19_2
"Dans cette attente, je vous prie d'agréer, Monsier,","Dans cette attente, je vous prie d'agréer, Monsieur",eval2011-19_3
mes très sincères salutations.,mes très sincères salutations.,eval2011-19_4
J'ai reçu hier ma facture concernant,J'ai reçu hier ma facture concernant,eval2011-1_0
mon compte et je ne comprends pas,mon compte et je ne comprends pas,eval2011-1_1
pourquoi le montant est si élevé.,pourquoi le montant est si élevé.,eval2011-1_2
ce n'est pas du taut ce qui était,Ce n'est pas du tout ce qui était,eval2011-1_3
prévu au départ.,prévu au départ.,eval2011-1_4
Meri de bien vouloir vérifier et de me,Merci de bien vouloir vérifier et de me,eval2011-1_5
tenir au courart aapidement.,tenir au courant rapidement.,eval2011-1_6
"Le 26 février 2007, je vous ai passé la commande suivante :","Le 26 février 2007, je vous ai passé la commande suivante :",eval2011-20_0
"pacte de 10 CD vierges, réf : DX3485, préx unétaire : 15,00 €,","pack de 10 CD vierges, réf : DX3485, prix unitaire : 15,00 €,",eval2011-20_1
"quantité 130, montant : 450,00 €","quantité : 30, montant : 450,00 €",eval2011-20_2
"La qualité de vos produits satisfaisant pleirement la clientèle, mon","La qualité de vos produits satisfaisant pleinement la clientèle, mon",eval2011-20_3
"stoctdisponible serévele nettement insuffisant à répondre ài la demande,","stock disponible se révèle nettement insuffisant à répondre à la demande,",eval2011-20_4
en constantesugmentation.,en constante augmentation.,eval2011-20_5
"C'est pourquoi, je souhaite modifier la quantité demandée : SoIt 60 pachs","C'est pourquoi, je souhaite modifier la quantité demandée : soit 60 packs",eval2011-20_6
du lien de 30.,au lieu de 30.,eval2011-20_7
"En vous remerciant par avance, veuillez agréer, Madame, Monsieur,","En vous remerciant par avance, veuillez agréer, Madame, Monsieur,",eval2011-20_8
l'expression de mes salutations lesmeilleures.,l'expression de mes salutations les meilleures.,eval2011-20_9
Je souhaiterai invertir la sonme de 1500 euros,Je souhaiterai investir la somme de 1500 euros,eval2011-21_0
en actions boursièrés.,en actions boursieres .,eval2011-21_1
Je vous laisse le soin de choisir le,Je vous laisse le soin de choisir le,eval2011-21_2
meilleur plrcement.,meilleur placement.,eval2011-21_3
Merci de realiser cette opération a u,Merci de realiser cette opération au,eval2011-21_4
plus vite.,plus vite.,eval2011-21_5
"Veuillez agréer, Monsieur, l'expression","Veuillez agréer, Monsieur, l'expression",eval2011-21_6
de mes sentiments distingués.,de mes sentiments distingués.,eval2011-21_7
Mon courrier en date du 15 fevrier est,Mon courrier en date du 15 fevrier est,eval2011-22_0
resté sans réponse de votre part.,resté sans réponse de votre part.,eval2011-22_1
Je vous envoie donc ce deuaième courrier,Je vous envoie donc ce deuxième courrier,eval2011-22_2
afin de vous demandez de résilier mon,afin de vous demander de résilier mon,eval2011-22_3
contrat EDF.,contrat EDF.,eval2011-22_4
Merci de faire le necessaire au plus,Merci de faire le necessaire au plus,eval2011-22_5
vite.,vite.,eval2011-22_6
Recevez mes sincères salutations.,Recevez mes sincères salutations.,eval2011-22_7
"Lors de ma dernière commande, j'avais choisi le modèle CH45-12 en","Lors de ma dernière commande, j'avais choisi le modèle CH45-12 en",eval2011-23_0
"bleu, mais le coloris ne convient pas. Je souhaite donc échanger cet article","bleu, mais le coloris ne convient pas. Je souhaite donc échanger cet article",eval2011-23_1
contre le même en blanc dont la référence est CH 45-16. Je vous retourne,contre le même en blanc dont la référence est CH 45-16. Je vous retourne,eval2011-23_2
ci-joint l'ancier article.,ci-joint l'ancien article.,eval2011-23_3
Merci de bien vouloir prendre en compte cette modification.,Merci de bien vouloir prendre en compte cette modification.,eval2011-23_4
"Je vous prie d'aggréer, Madame, Monsieur, mes meilleures salutations.","Je vous prie d' aggréer , Madame, Monsieur, mes meilleures salutations.",eval2011-23_5
"Suite à votre précédtente lettre, le délai annance pour la","Suite à votre précédente lettre, le délai annoncé pour la",eval2011-24_0
"livraison de Ma commande ne Me convient pas, aimair je souhaite","livraison de ma commande ne me convient pas, ainsi je souhaite",eval2011-24_1
mouler Ma commande duté du 18 Fevrier 2007.,annuler ma commande daté du 18 Fevrier 2007.,eval2011-24_2
Je vous prie d'agréer Mes sincères salutations.,Je vous prie d'agréer mes sincères salutations.,eval2011-24_3
Suite à notre conversation téléphonique concernant l'achat,Suite à notre conversation téléphonique concernant l'achat,eval2011-25_0
"d'actions, je vous informe que je suis en mesure d'investir","d'actions, je vous informe que je suis en mesure d'investir",eval2011-25_1
1500 Euros à répartir selon votre initiative.,1500 Euros à répartir selon votre initiative.,eval2011-25_2
"Je vous prie d'agréer Monsieur, Mes sincères salutations.","Je vous prie d'agréer Monsieur, mes sincères salutations.",eval2011-25_3
Je vous demande de bien vouloir modifier le,Je vous demande de bien vouloir modifier le,eval2011-26_0
montant des prélèvements effectués sur mon compte vers,montant des prélèvements effectués sur mon compte vers,eval2011-26_1
"mon PEL. A l'heure actuelle, ces prélèvements sant de 60","mon PEL. A l'heure actuelle, ces prélèvements sont de 60",eval2011-26_2
"euros, je souhaite les dimnuer pour qu'à la prochaine","euros, je souhaite les diminuer pour qu'à la prochaine",eval2011-26_3
échéance le montant versé sur mon PEL sait de 45 euros.,échéance le montant versé sur mon PEL soit de 45 euros.,eval2011-26_4
"Je vous prrie d'agréer madame, monsieurs, mes salutations","Je vous prie d'agréer madame, monsieur, mes salutations",eval2011-26_5
distinguées.,distinguées.,eval2011-26_6
"Je souhaiterais vous commander, par le brais de cette lebtre,","Je souhaiterais vous commander, par le biais de cette lettre,",eval2011-27_0
trois paires de chaussettes (référence CH45-12) que j'ai trouvé,trois paires de chaussettes (référence CH45-12) que j'ai trouvé,eval2011-27_1
dans votre dernier catalogue.,dans votre dernier catalogue.,eval2011-27_2
"Je vous joint donc mon règlement de 15,39 euros sans la","Je vous joint donc mon réglement de 15,39 euros sous la",eval2011-27_3
forme d'un chèque bancaire à tordre des 3 Srifes.,forme d'un chèque bancaire à l'ordre des 3 Suifs.,eval2011-27_4
"Vous remerciant de prendre en compte ma command, je vous prie,","Vous remerciant de prendre en compte ma commande, je vous prie,",eval2011-27_5
"Madame, Monsieur, de bien vouloir agréer l'expression des mes sincères","Madame, Monsieur, de bien vouloir agréer l'expression des mes sincères",eval2011-27_6
salutations.,salutations.,eval2011-27_7
Je me permets de vous relancer car je suis,Je me permets de vous relancer car je suis,eval2011-28_0
touours sans nouvelles de votre part concernant,toujours sans nouvelles de votre part concernant,eval2011-28_1
l'expertise de mon véhicule accidenté depuis,l'expertise de mon véhicule accidenté depuis,eval2011-28_2
pourtant le mois dernier.,pourtant le mois dernier.,eval2011-28_3
Je vous remercie de l'attention avec laquelle,Je vous remercie de l'attention avec laquelle,eval2011-28_4
vous traiterez ma demande et vous prie,vous traiterez ma demande et vous prie,eval2011-28_5
"d'agréer, Madame, Monsieur, mes salutations","d'agréer, Madame, Monsieur, mes salutations",eval2011-28_6
distinguées.,distinguées.,eval2011-28_7
Assurée dans votre compagnie depuis maintenant près de,Assurée dans votre compagnie depuis maintenant près de,eval2011-29_0
"douge ans, je me permets de vous adresser ce courrier pour uene","douze ans, je me permets de vous adresser ce courrier pour une",eval2011-29_1
"saus emploi à ce jour, j'attends beauceup du plan de","Sans emploi à ce jour, j'attends beaucoup du plan de",eval2011-29_10
restructuration. En attendant et au vu des circions.,restructuration. En attendant et au vu des circons-,eval2011-29_11
"tances actuelles, pourrais je régler mes échéances par","tances actuelles, pourrais-je régler mes échéances par",eval2011-29_12
"paiements différés, en les échelonnant sur 4 mois ?","paiements différés, en les échelonnant sur 4 mois ?",eval2011-29_13
D'avance je vous remercie de votre compréhensier,D'avance je vous remercie de votre compréhension,eval2011-29_14
et attends uuve confirmation de votre part.,et attends une confirmation de votre part.,eval2011-29_15
"Veuillez agréer, Madame, monsieur, l'expres-","Veuillez agréer, Madame, Monsieur, l'expres-",eval2011-29_16
sion de mes salutations les meilleures.,sion de mes salutations les meilleures.,eval2011-29_17
demande spériale d'échelonnement de mes échances.,demande spéciale d'échelonnement de mes échances.,eval2011-29_2
Je sais que cette procédure n'est pas présente dans les ilau-,Je sais que cette procédure n'est pas présente dans les clau-,eval2011-29_3
ses de votre contrat mais elle est mativée par une cause,ses de notre contrat mais elle est motivée par une cause,eval2011-29_4
aussi imprêvue que périble pour moi.,aussi imprévue que pénible pour moi.,eval2011-29_5
"En effet, techvicienne chez Airgus depuis trente ans, vous","En effet, technicienne chez AIRZUS depuis trente ans, nous",eval2011-29_6
N'êtes pas sans convaître les difficultés que traverse cet-,n'êtes pas sous connaître les difficultés que traverse cet-,eval2011-29_7
te entrreprise qui a licencié en mosse il y a quelques,te entreprise qui a licencié en masse il y a quelques,eval2011-29_8
"mois, hélos je faisais partie de ce plau de licerciement.",mais ; hélas je faisais partie de ce plan de licenciement.,eval2011-29_9
suite à la vente de mon véhicule assure chez vous,Suite à la vente de mon véhicule assuré chez vous,eval2011-2_0
"en dete 05/03/07, je vous demande de prendre","en date 05/03/07, je vous demande de prendre",eval2011-2_1
en compte ma demande de résiliation d'assurance,en compte ma demande de résiliation d'assurance,eval2011-2_2
automobile à date de réception de ce courrier.,automobile à date de réception de ce courrier.,eval2011-2_3
Mon numéro de référence client est le XQPCH09.,Mon numéro de référence client est le XQPCH09.,eval2011-2_4
"Je vous remercie par avance et vous prie, Monsieur,","Je vous remercie par avance et vous prie, Monsieur,",eval2011-2_5
d'agréer mes salutations distinguées.,d'agréer mes salutations distinguées.,eval2011-2_6
Je vous ai fait parvenir par courrier une commande,Je vous ai fait parvenir par courrier une commande,eval2011-30_0
(n° 900 11) daté du 8 mars 2007. Je voudrai modifier,(n° 900 AA) daté du 8 mars 2007. Je voudrai modifier,eval2011-30_1
les quantités d'un des produits commandés. Je ne désire plus,les quantités d'un des produits commandés. Je ne désire plus,eval2011-30_2
commander 1 mais 2 paires de chaussettes réf : 191978.,commander 1 mais 2 paires de chaussettes réf. 1919AB.,eval2011-30_3
Je vous joins un chèque d'un montant de Je pour le compté-,Je vous joins un chèque d'un montant de ¤5€¤ pour le complé-,eval2011-30_4
-ment de cette commande.,-ment de cette commande.,eval2011-30_5
Merci de prendre en compte ce changement.,Merci de prendre en compte ce changement.,eval2011-30_6
Dans l'attente de la réception de ma commande.,Dans l'attente de la réception de ma commande.,eval2011-30_7
"Je vous prie d'agréer, Madame, Monsieur, l'expression de","Je vous prie d'agréer, Madame, Monsieur, l'expression de",eval2011-30_8
mes salutations distinguées.,mes salutations distinguées.,eval2011-30_9
C'est avec beaucoup le plaiaur que lan detnier d'acas e.,C'est avec beaucoup de plaisir que l'an dernier j'ai reçu de votre,eval2011-31_0
part le catalogue de vos produits.,part le catalogue de vos produits.,eval2011-31_1
Aussi vous demanderais-je de bien vouloir me renvoyer le,Aussi vous demanderais-je de bien vouloir me renvoyer le,eval2011-31_2
Mouvea catalogue 2007 à l'adresse ci-de 5505.,nouveau Catalogue 2007 à l'adresse ci-dessus.,eval2011-31_3
"Cordialement,","Cordialement,",eval2011-31_4
Etant actuellement assurée par une compagnie différente de la votre,Etant actuellement assurée par une compagnie différente de la votre,eval2011-32_0
"CNAIF Assurances)et n'étant pas satis taite par celle-ci, j'aimerai","(NAIF Assurances) et n'étant pas satisfaite par celle-ci, j'aimerai",eval2011-32_1
me compterai dors parmives clients.,me compterai alors parmi vos clients.,eval2011-32_10
En espérant avoir cette documentation trèsprochainement,En esperant avoir cette documentation très prochainement,eval2011-32_11
avoir de la documentation cencernant les contrats d'assurance auto,avoir de la documentation concernant les contrats d'assurance auto,eval2011-32_2
que votre assurance propose.,que votre assurance propose.,eval2011-32_3
"En effet, mon actuelle compagnie d'assurance n'étant pas très","En effet, mon actuelle compagnie d'assurance n'étant pas très",eval2011-32_4
"pertermente dans les actions à réaliser, je souhaiterai vivement","performante dans les actions à réaliser, je souhaiterai vivement",eval2011-32_5
changer de compagnie d'assurance. Ayant entendu beaucaip de,changer de compagnie d'assurance. Ayant entendu beaucoup de,eval2011-32_6
bien de votre compagnie C'est donc tout naturellement que je me,bien de votre compagnie c'est donc tout naturellement que je me,eval2011-32_7
pourne vois vous.,tourne vers vous.,eval2011-32_8
"Sivos prix sont attractifs et vos contrats attrayants, vous","Si vos prix sont attractifs et vos contrats attrayants, vous",eval2011-32_9
"Je vous prie par retour de courrier, de bien vouloir me faire","Je vous prie par retour de courrier, de bien vouloir me faire",eval2011-33_0
parvenir vos tarifications et conditions d'adhésion concernant vos contrats,parvenir vos tarifications et conditions d'adhésion concernant vos contrats,eval2011-33_1
d'assurance habitation de votre compagnie.,d'assurance habitation de votre compagnie.,eval2011-33_2
"Devant demenager sous peu, je propecte afin de trouver la","Devant demenager sous peu, je prospecte afin de trouver la",eval2011-33_3
meilleure proposition pour mon apopartement.,meilleure proposition pour mon appartement.,eval2011-33_4
"Le prendrais ma décisior, à réception des différentes offres que","Je prendrais ma décision, à réception des differentes offres que",eval2011-33_5
je recevrais de la part des agences contrachées. Il est primerdial pour,je recevrais de la part des agences contractées. Il est primordial pour,eval2011-33_6
ma de comptes sur votre réponse.,moi de compter sur votre réponse.,eval2011-33_7
"Veuillez agréer Madame, Monsieur, l'expression de mes sentiments","Veuillez agréer Madame, Monsieur, l'expression de mes sentiments",eval2011-33_8
distingués.,distingués.,eval2011-33_9
Je souhaiterais obtenir des précisions concernant ma précédente,Je souhaiterais obtenir des précisions concernant ma précédente,eval2011-34_0
"facture, le montant m'en paraitant trop élévé.","facture, le montant m'en paraitant trop élévé.",eval2011-34_1
"En attendant votre réponse, je vous prie d'agréer, madame,","En attendant votre réponse. Je vous prie d'agréer, madame,",eval2011-34_2
"monsieur, l'expression des mon profond respect.","monsieur, l'expression de mon profond respect.",eval2011-34_3
de montant de mes factures devient,Le montant de mes factures devient,eval2011-35_0
nop élovces. Pouvez-vous echelonner,trop elevées. Pouvez-vous échelonner,eval2011-35_1
mes factures sur plusiours mois,mes factures sur plusieurs mois,eval2011-35_2
caur j'ai des difficultés de paiment,car j'ai des difficultés de paiment,eval2011-35_3
cur je dais finarneur mon mariage,car je dois financer mon mariage,eval2011-35_4
messi de votre collaboration,merci de votre collaboration,eval2011-35_5
Je vous adresse le présent carrier afin de vous informer à noueu,Je vous adresse le présent courrier afin de vous informer à nouveau,eval2011-36_0
de mon changement de données possonndles.,de mon changement de données personnelles.,eval2011-36_1
"Ea ottendant son effesinté, je vous prie d'agréer, l'expresion de","En attendant son effectivité, je vous prie d'agréer, l'expression de",eval2011-36_2
mon profond respert.,mon profond respect.,eval2011-36_3
Je me permets par la présente de vous,Je me permets par la présente de vous,eval2011-37_0
redonner mes nouvelles coordonnées téléphoniques,redonner mes nouvelles coordonnées téléphoniques.,eval2011-37_1
-joint mon nouveau numéro 06.17.22.37.27,Ci-joint mon nouveau numéro 06.17.27.32.27,eval2011-37_2
ainsi que mes nouvelles données bancaires.,ainsi que mes nouvelles données bancaires.,eval2011-37_3
Sincères salutations.,Sincères salutations.,eval2011-37_4
Avant marché accidentelle ment sur le chien de,¤Ayant¤ marché accidentellement sur le chien de,eval2011-38_0
nd Dihois. Je souhaiterais être couut titre de la resoomsbilité,Md Dubois je souhaiterais être couvert au titre de la responsabilité,eval2011-38_1
"cirile, sous réfirence UGPON 2","civile, sous référence VGPQN28.",eval2011-38_2
"Constant sur votre commréhension, veuillez recevoir",Comptant sur votre compréhension. veuillez recevoir,eval2011-38_3
mes sinutés salitation,mes sincères salutations,eval2011-38_4
"Par la présente, je vous demande de bien vouloir","Par la présente, je vous demande de bien vouloir",eval2011-39_0
prendre les mesures nécessaires afin de mettre fin,prendre les mesures nécessaires afin de mettre fin,eval2011-39_1
salutations distinguées.,salutations distinguées.,eval2011-39_10
au contrat d'assurance auto n° 585V18 SouScrit,au contrat d'assurance auto n° 585 V 18 souscrit,eval2011-39_2
au nom de 0Ry Pascale (Référence client :EXOXU51).,au nom de ORY Pascale (Référence client : EXOXU51).,eval2011-39_3
"Conformément aux conditions générales de vente,","Conformément aux conditions générales de vente,",eval2011-39_4
"le préavis étant de 1 mois, le contrat devrait","le préavis étant de 1 mois, le contrat devrait",eval2011-39_5
prendre fin à compter du 26 Maro 2007.,prendre fin à compter du 26 Mars 2007.,eval2011-39_6
Merci de me faire parvenir une notification,Merci de me faire parvenir une notification,eval2011-39_7
de cette résiliation.,de cette résiliation.,eval2011-39_8
"Je vous prie d'agréer, Madame, Monsieur, mes","Je vous prie d'agréer, Madame, Monsieur, mes",eval2011-39_9
Je vous prie de bien vouloir prendre acte de ma,Je vous prie de bien vouloir prendre acte de ma,eval2011-3_0
"oolonté de résilier, à sa date d'échéance, soille","volonté de résilier, à sa date d'échéance, soit le",eval2011-3_1
"14 mai 2007, le conteat d'assurance souscrit auprès de","17 mai 2007, le contrat d'assurance souscrit auprès de",eval2011-3_2
votre compagnie sous le numero menticnné ci-dessus.,votre compagnie sous le numéro mentionné ci-dessus.,eval2011-3_3
"Je vous serais rerennaissant de me faire parvenir,","Je vous serais reconnaissant de me faire parvenir,",eval2011-3_4
"le plus rapidement possible, une notification de","le plus rapidement possible, une notification de",eval2011-3_5
resiliation.,résiliation.,eval2011-3_6
"Dans l'attente, je vous prie d'agréer, Madame, Monsieur,","Dans l'attente, je vous prie d'agréer, Madame, Monsieur,",eval2011-3_7
l'assurance de mes sentiments distingués.,l'assurance de mes sentiments distingués.,eval2011-3_8
"Litoyenne de battenteim depuis près de huit ans, je regrette à","Citoyenne de Waltenheim depuis près de huit ans, je regrette à",eval2011-40_0
ce jour l'augmentation du trafic rue des fardins. Autrefois raison-,ce jour l'augmentation du trafic rue des Jardins. Autrefois raison-,eval2011-40_1
profend rrespect.,profond respect.,eval2011-40_10
"mablement fréquentée, ce sont ausourd'hui des dijaines de camions","nablement fréquentée, ce sont aujourd'hui des dizaines de camions",eval2011-40_2
par heure qui y circulent entre 4h et 234 1 elomme vous pouvez,par heure qui y circulent entre 7h et 23h ! Comme vous pouvez,eval2011-40_3
"l'imasiner, le bruit est épanvantablement dérangeant au quotidien.","l'imaginer, le bruit est épouvantablement dérangeant au quotidien.",eval2011-40_4
"cli je vous écris, c'est donc dans l'espoir que vous sourez prendre","Si je vous écris, c'est donc dans l'espoir que vous saurez prendre",eval2011-40_5
les mesures qui s'imposent pour contrer ce fléan sonore que nous,les mesures qui s'imposent pour contrer ce fléau sonore que nous,eval2011-40_6
"subissons, mes voisins, ma famille et moi-même.","subissons, mes voisins, ma famille et moi-même ...",eval2011-40_7
"Mn espérant que ma plainte soit entendue et prise en considération,","En espérant que ma plainte soit entendue et prise en considération,",eval2011-40_8
"Je vous prie de croire, Monsieur le maire, en l'expression de mon","je vous prie de croire, Monsieur le maire, en l'expression de mon",eval2011-40_9
Je vous informe par la présente que las,Je vous informe par la presente que lors,eval2011-41_0
"d'un tragit avec mon automobilé, j'ai percité le véhicule","d'un trajet avec mon automobile, j'ai percuté le véhicule",eval2011-41_1
Je situant divant moi. Les dégâts ne sont que matérids.,se situant devant moi. Les dégâts ne sont que matériels.,eval2011-41_2
Je vous points le constat sigré par les deux parties.,Je vous joints le constat signé par les deux parties.,eval2011-41_3
Vous remerciant du soin que vous apporterz à,Vous remerciant du soin que vous apporterez à,eval2011-41_4
"l'étude de mon dossier, je vous prie de recevoir mes","l'étude de mon dossier, je vous prie de recevoir mes",eval2011-41_5
resfectueuses salutations.,respectueuses salutations.,eval2011-41_6
Je suis cliente de vos services depuis de nombreuses années.,Je suis cliente de vos services depuis de nombreuses années.,eval2011-42_0
"Lors d'un entretien, l'un de vos conseiler n'avait parté d'une assurance vie.","Lors d'un entretien, l'un de vos conseiller m'avait parlé d'une assurance vie.",eval2011-42_1
"J'avais alors décliré son offre. Néanmoins, j'ai maintenant en petit gerion","J'avais alors décliné son offre. Néanmoins, j'ai maintenant un petit garçon",eval2011-42_2
de 6 mois dont j'aimerais assurer l'avenir s'il devait m'arriver quelque chose.,de 6 mois dont j'aimerais assurer l'avenir s'il devait m'arriver quelque chose.,eval2011-42_3
Je vous saurai gré de bien vouloir me faire parvenir un devis,Je vous saurai gré de bien vouloir me faire parvenir un devis,eval2011-42_4
"concernant la souscription d'une assurance vie, et une documentation","concernant la souscription d'une assurance vie, et une documentation",eval2011-42_5
comptète m'exptiquant les ggrantier d'une telle assurance.,complète m'expliquant les garanties d'une telle assurance.,eval2011-42_6
"Veuillez agréer, Madame ou Monsieur, l'expression de mes","Veuillez agréer, Madame ou Monsieur, l'expression de mes",eval2011-42_7
salutations distinggées.,salutations distinguées.,eval2011-42_8
"Suite à la naissance de mon enfant, je souhaiterais","Suite à la naissance de mon enfant, je souhaiterais",eval2011-43_0
éxentuellement sauscrire une assurance vie.,éventuellement souscrire une assurance vie.,eval2011-43_1
Pour celu je vous remercie de bien vouloir,Pour cela je vous remercie de bien vouloir,eval2011-43_2
m'adresser votre documentation concernant les contrats,m'adresser votre documentation concernant les contrats,eval2011-43_3
d'assurance vie que vous pourriez me proposer.,d'assurance vie que vous pourriez me proposer.,eval2011-43_4
Dans l'attente de vous lire et vous remerciant par,Dans l'attente de vous lire et vous remerciant par,eval2011-43_5
"avance,","avance,",eval2011-43_6
Je vous prie de recevoir mes sentiments les meilleurs,je vous prie de recevoir mes sentiments les meilleurs,eval2011-43_7
"Je vous ai envoyé, à la date du 20 ferrier, une lettre concernant","Je vous ai envoyé, à la date du 20 fevrier , une lettre concernant",eval2011-44_0
le changement de certaines de mes données personnelles. Or ce,le changement de certaines de mes données personnelles. Or ce,eval2011-44_1
courrier est jusqu'à aujourd'hui resté sans réponse. Le,courrier est jusqu'à aujourd'hui resté sans réponse. Le,eval2011-44_2
"changement n'ayant pas été pris en compte, je me permets","changement n'ayant pas été pris en compte, je me permets",eval2011-44_3
de vous signaler votre oubli.,de vous signaler votre oubli.,eval2011-44_4
Je vous saurais donc gré de me confirmer la réception de cette,Je vous saurais donc gré de me confirmer la réception de cette,eval2011-44_5
"présente lettre, ainsi que la modification de mes données","présente lettre, ainsi que la modification de mes donnees",eval2011-44_6
personnelles,personnelles,eval2011-44_7
"Je vous prie d'agréer, Madame, Monsieur, mes salutations","Je vous prie d'agréer, Madame, Monsieur, mes salutations",eval2011-44_8
distinguées,distinguées,eval2011-44_9
Suite à un dégât des eaux subi le 25 février 2007. Je vous envois tous,Suite à un dégât des eaux subi le 25 février 2007. Je vous envois tous,eval2011-45_0
les papiers nécéssaire pour faire appel à mon assurance habitation,les papiers nécéssaire pour faire appel à mon assurance habitation,eval2011-45_1
afin de me faire rembourser de le sinistre.,afin de me faire rembourser de ce sinistre.,eval2011-45_2
"Veuillez recevoir, Madame, mes salutations lesmeilleures.","Veuillez recevoir, Madame, mes salutations les meilleurs.",eval2011-45_3
Je tiens à vous préciser par ce présent courrier,Je tiens à vous préciser par ce présent courrier,eval2011-46_0
"d'un changement de coordonnées personnelles. En effet,","d'un changement de coordonnées personnelles. En effet,",eval2011-46_1
Je me suis récemment mariée le 13 mai dernier avec,Je me suis récemment mariée le 13 mai dernier avec,eval2011-46_2
mon ami d'enfance et nous avons décidé d'emménager,mon ami d'enfance et nous avons décidé d'emménager,eval2011-46_3
ensemble dans l'espoir de fander une famielle.,ensemble dans l'espoir de fonder une famille.,eval2011-46_4
Nous habitons donc désormais dans notre nouvelle,Nous habitons donc désormais dans notre nouvelle,eval2011-46_5
maison depuis bient ôt une semaine. c'est pourquoi,maison depuis bientôt une semaine ; c'est pourquoi,eval2011-46_6
Je tiens à vous faire part de ce changement d'adresse.,Je tiens à vous faire part de ce changement d'adresse.,eval2011-46_7
Cordialement,Cordialement,eval2011-46_8
"Dans un souci pratique, j'aimerais échelonner le paiement de","Dans un souci pratique, j'aimerais échelonner le paiement de",eval2011-47_0
mes impôts sur le revenu.,mes impôts sur le revenu.,eval2011-47_1
C'est pour cette raison que je vous écris afin de vous demander,C'est pour cette raison que je vous écris afin de vous demander,eval2011-47_2
de bien vouloir me permettre de payer par mensualités.,de bien vouloir me permettre de payer par mensualités.,eval2011-47_3
Je vous serais gré de bien vouloir répondre à cette demande,Je vous serais gré de bien vouloir répondre à cette demande,eval2011-47_4
au plus tôt.,au plus tôt.,eval2011-47_5
"Je vous remercie d'avance et vous prie d'agréer, madame,","Je vous remercie d'avance et vous prie d'agréer, madame,",eval2011-47_6
"monsieur, l'expression de mes salutations distinguées.","monsieur, l'expression de mes salutations distinguées.",eval2011-47_7
Suite à ma commande effectué le 7 mars 2007 je,Suite à ma commande effectué le 7 mars 2007 je,eval2011-48_0
Cient à vous informez de ma volenté de mertific cette,tient à vous informez de ma volonté de rectifié cette,eval2011-48_1
"cnmande. En effet, je souhaite connander 3 puires de chaussetts","commande. En effet, je souhaite commander 3 paires de chaussettes",eval2011-48_2
dont la référence est CH45-12.,dont la référence est CH45-12,eval2011-48_3
Merci de bien vouloir prendre en insidération cette,Merci de bien vouloir prendre en considération cette,eval2011-48_4
moification.,modification.,eval2011-48_5
"Veuillez-agréer, Madame, Monsieur, l'expression de mes","Veuillez-agréer , Madame, Monsieur, l'expression de mes",eval2011-48_6
serdiements destinguées.,sentiments distingués.,eval2011-48_7
"Par la présente, je vous demande de","Par la présente, je vous demande de",eval2011-49_0
bien vouloir résilier l'assurance de,bien vouloir résilier l'assurance de,eval2011-49_1
"ma tord Fresta, immatriculée","ma Ford Fiesta, immatriculée",eval2011-49_2
4448 C-5-23,4448 CJ 25,eval2011-49_3
à compter du 1er avil 2007.,à compter du 1er avril 2007.,eval2011-49_4
"Vous en remerciant, recevez mes","Vous en remerciant, recevez mes",eval2011-49_5
salutations distinguées.,salutations distinguées.,eval2011-49_6
J'ai bien reçu la commande passée la semaine demere (vour,J'ai bien reçu la commande passée la semaine dernière (Voir,eval2011-4_0
bon de commande).,bon de commande).,eval2011-4_1
"Malhemensement, je n'ai pas reçu le bon article, il ne","Malheureusement, je n'ai pas reçu le bon article, il ne",eval2011-4_2
correspond pas à la description.,correspond pas à la description.,eval2011-4_3
Je souhaiterais donc me faire rembourer le prisxe de,Je souhaiterais donc me faire rembourser le prix de,eval2011-4_4
l'article ainsi que les frais de port,l'article ainsi que les frais de port.,eval2011-4_5
"En vous remerciant de faire le néessaire, veuillez agréer,","En vous remerciant de faire le nécessaire , veuillez agréer,",eval2011-4_6
"Madame, Monsieur, l'expression de mes sentiments distingués.","Madame, Monsieur, l'expression de mes sentiments distingués.",eval2011-4_7
J'aimerais par la présente lettre vous signaler mon,J'aimerais par la présente lettre vous signaler mon,eval2011-50_0
"changement de coordonnées postales. En effet, suite à des","changement de coordonnées postales. En effet, suite à des",eval2011-50_1
Cordialement,Cordialement,eval2011-50_10
complications j'ai du déménager et J 'habite donc maintenant,complications j'ai dû déménager et j'habite donc maintenant,eval2011-50_2
"dans une nouvelle ville. Ma ville précédente était, d'une part,","dans une nouvelle ville. Ma ville précédente était, d'une part,",eval2011-50_3
située trep loin de mon travail mais était aussi Crop bruyante.,située trop loin de mon travail mais était aussi trop bruyante.,eval2011-50_4
On y rencontrait contamment plein d'engants dans la rue,On y rencontrait constamment plein d'enfants dans la Rue,eval2011-50_5
"qui jouaient à diverses activités. De plus, je ne disputais","qui jouaient à diverses activités. De plus, je me disputais",eval2011-50_6
souvent avec ma voisire du dessus qui faisait trop de brait,souvent avec ma voisine du dessus qui faisait trop de bruit,eval2011-50_7
très tôt le matin. C'est pourquoi aujourd'hui Jl'habite,"très tôt le matin. C'est pourquoi, aujourd'hui j'habite",eval2011-50_8
decc mon conjoint dans cette nouvelle volle plus came.,avec mon conjoint dans cette nouvelle ville plus calme.,eval2011-50_9
"Après avoir fait l'acquisition d'un home cirêma i y a deux semaines, il","Après avoir fait l'acquisition d'un home cinéma il y a deux semaines, il",eval2011-51_0
n'est apparu indispensable de changer de conapé et j'ai donc acheté un,m'est apparu indispensable de changer de canapé et j'ai donc acheté un,eval2011-51_1
"magnifique corapé d'angle en air rouge, du plus bel effet dans mon solon.","magnifique canapé d'angle en cuir rouge, du plus bel effet dans mon salon",eval2011-51_2
"Où mois voilà, il me reste encore 53 mensualités à régler sur me nouvelle","Où mais voilà, il me reste encore 58 mensualités à régler sur ma nouvelle",eval2011-51_3
Pergeet 4o7 bareate et j'ai quelquer difficultés à finr mes moi.,Peugeot 407 break et j'ai quelques difficultés à finir mes mois.,eval2011-51_4
"Pourriez-vous, s'il vous plait, envisager un échelonnement de paiement de","Pourriez-vous, s'il vous plaît, envisager un échelonnement de paiement de",eval2011-51_5
mon cénapé ? Je vous remercie par avance de votre compréhension,mon canapé ? Je vous remercie par avance de votre compréhension,eval2011-51_6
"Je vous prie de bien vouloir agréer, Madame, Monsieur, mes sincères","Je vous prie de bien vouloir agréer, Madame, Monsieur, mes sincères",eval2011-51_7
salutations,salutations.,eval2011-51_8
Ayant subi un dégât des eaux di à un dysfonctionnement,Ayant subi un dégât des eaux dû à un dysfonctionnement,eval2011-52_0
de ma machine à lver le linge le 28 Février dernier,"de ma machine à laver le linge le 28 Février dernier,",eval2011-52_1
C'est parquoi je souhaite faire appel à mon assurance,c'est pourquoi je souhaite faire appel à mon assurance,eval2011-52_2
habitation.,habitation.,eval2011-52_3
Je souhaiterai donc que vous me farnissile une liste des,Je souhaiterai donc que vous me fournissiez une liste des,eval2011-52_4
douments justificatifs à vous transmettre afin d'être,documents justificatifs à vous transmettre afin d'être,eval2011-52_5
dédommagée. Je vous rappelle ma référence client :,dédommagée. Je vous rappelle ma référence client :,eval2011-52_6
VHDEOM.,VHDEP71.,eval2011-52_7
En vous remerciant d'avance.,En vous remerciant d'avance.,eval2011-52_8
"Cordialement,","Cordialement,",eval2011-52_9
Je vous ai passé récemment une commande,Je vous ai passé récemment une commande,eval2011-53_0
"de lD vierges, sous la référence client :","de CD vierges, sous la référence client :",eval2011-53_1
BWKQY25,BWKQY25,eval2011-53_2
"Je souhaiterais, si possible, que vous","Je souhaiterais, si possible, que vous",eval2011-53_3
doubliez les quantités initialement prévues.,doubliez les quantités initialement prévues.,eval2011-53_4
Comptant sur votre sérieux pour me faire,Comptant sur votre sérieux pour me faire,eval2011-53_5
"parvenir ces erticles dans les plus brefs délais,",parvenir ces articles dans les plus brefs délais.,eval2011-53_6
je profite de la présente pour vous signifier à,Je profite de la présente pour vous signifier à,eval2011-53_7
nouveau toute ma confiance.,nouveau toute ma confiance.,eval2011-53_8
"Cordialement,","Cordialement,",eval2011-53_9
Je me permets de solliciter de vos services une,Je me permets de solliciter de vos services une,eval2011-54_0
modification concernant le paiement de l'impôt sur,modification concernant le paiement de l'impôt sur,eval2011-54_1
"le revenu. Je souhaite, à partir de ce jour, opter pour","le revenu. Je souhaite, à partir de ce jour, opter pour",eval2011-54_2
la mensualisation de cet impôt.,la mensualisation de cet impôt.,eval2011-54_3
Je vous remercie d'avance pour l'attention accordée àc,Je vous remercie d'avance pour l'attention accordée à,eval2011-54_4
ma demande.,ma demande.,eval2011-54_5
"Veuillez agréer, madame, monsieur, l'expression de","Veuillez agréer, madame, monsieur, l'expression de",eval2011-54_6
mes salutations distinguées.,mes salutations distinguées.,eval2011-54_7
"Par la prébente, je vous signale mon changement de banque","Par la présente, je vous signale mon changement de banque.",eval2011-55_0
Vous trouverez les coordonnées de mon nouvel établissement,Vous trouverez les coordonnées de mon nouvel établissement,eval2011-55_1
financier en plèce jointe (RIB1.,financier en pièce jointe (RIB).,eval2011-55_2
"hecevez, vessieurs, mes salutations les plus distinguées","Recevez, Messieurs, mes salutations les plus distinguées.",eval2011-55_3
"Suite à mon récent changement de banque, je me permets, par ce","Suite à mon récent changement de banque, je me permets, par ce",eval2011-56_0
"courrier, de vous notifier mes nouvelles coordonnées bancaires. DDans ce but,","courrier, de vous notifier mes nouvelles coordonnées bancaires. Dans ce but,",eval2011-56_1
vous trouverez ci-joint un RIB-,vous trouverez ci-joint un RIB.,eval2011-56_2
"Je vous prie d'agréer, Madame, Monsieur, l'expression de","Je vous prie d'agréer, Madame, Monsieur, l'expression de",eval2011-56_3
mes sentiments distingués.,mes sentiments distingués.,eval2011-56_4
Je vous serais recomnainant de bien vouloir,Je vous serais reconnaissant de bien vouloir,eval2011-57_0
me faire parvenir un cataloque des différents,me faire parvenir un catalogue des différents,eval2011-57_1
produiti que vous proposez.,produits que vous proposez.,eval2011-57_2
"Recevez, Madame, Monsieur, l'expression","Recevez, Madame, Monsieur, l'expression",eval2011-57_3
de mes salutations distinguées.,de mes salutations distinguées.,eval2011-57_4
Je désire changer le montant des versements mensuels,Je désire changer le montant des versements mensuels,eval2011-58_0
effectués automatiquement sur mon Plan Epargne Logement.,effectués automatiquement sur mon Plan Epargne Logement.,eval2011-58_1
"Je souhaite désormais verser 45 l chaque mois, au lieu des","Je souhaite désormais verser 45 € chaque mois, au lieu des",eval2011-58_2
60 € actuels. Merci d'appliquer cette modification à compter,60 € actuels. Merci d'appliquer cette modification à compter,eval2011-58_3
du mois d'avril prochain.,du mois d'avril prochain.,eval2011-58_4
"Dans cette attente, je vous prie d'agréer, Monsieur,","Dans cette attente, je vous prie d'agréer, Monsieur,",eval2011-58_5
l'expression de mes salutations distinguées,l'expression de mes salutations distinguées,eval2011-58_6
"Suite à un besoin énorme de CD vierges, je me permets","Suite à un besoin énorme de CD vierges, je me permets",eval2011-59_0
J'émettre à votre encontre une commande d'un 27 Le,d'émettre à votre encontre une commande d'un lot de,eval2011-59_1
cinquante CD vierges (référence du produit : 010-25-CDV).,cinquante CD vierges (référence du produit : 010-25-CDV).,eval2011-59_2
"En effet, j'aurai besoin dans les jours à venir","En effet, j'aurai besoin dans les jours à venir",eval2011-59_3
2'me quantité importante de CD vierges pour divers usages,d'une quantité importante de CD vierges pour divers usages,eval2011-59_4
à titre pessonnel.,à titre personnel.,eval2011-59_5
"Pont en comptant sur votre diligence, je vous","Tout en comptant sur votre diligence, je vous",eval2011-59_6
prie de bien vouloir agréer l'expression de ma sincère,prie de bien vouloir agréer l'expression de ma sincère,eval2011-59_7
considération.,considération.,eval2011-59_8
Suite à ma commande du 3 mairs concernant,Suite à ma commande du 3 mars concernant,eval2011-5_0
"la fourniture de 250 paires de chaussettes, je me","la fourniture de 250 paires de chaussettes, je me",eval2011-5_1
suis aperçu que la quantité commandée est erronéc.,suis aperçu que la quantité commandée est erronée.,eval2011-5_2
Nous avons en fait un besoin de 5u0 paires,Nous avons en fait un besoin de 500 paires,eval2011-5_3
"de chaussettes, soit le double de la commande initiale.","de chaussettes, soit le double de la commande initiale.",eval2011-5_4
Je vous prie donc de me faire parvenir une,Je vous prie donc de me faire parvenir une,eval2011-5_5
nouvelle offre prenant en compte ma demande ainsi,nouvelle offre prenant en compte ma demande ainsi,eval2011-5_6
que les modifications que cela entraine sur les délais,que les modifications que cela entraine sur les délais,eval2011-5_7
de livraison.,de livraison.,eval2011-5_8
Sincères salutations,Sincères salutations,eval2011-5_9
Je vous informe par la présente du changement de,Je vous informe par la présente du changement de,eval2011-60_0
mes coordonnées téléphoniques. Je viens en effet de,mes coordonnées téléphoniques. Je viens en effet de,eval2011-60_1
m'installer avec ma conjointe,m'installer avec ma conjointe.,eval2011-60_2
Mon nouveau numéro de téléphone est le suivant :,Mon nouveau numéro de téléphone est le suivant :,eval2011-60_3
03.31.28.91.36.,03.31.28.91.36.,eval2011-60_4
Merci d'en prendre note et d'effectuer les mises à jour,Merci d'en prendre note et d'effectuer les mises à jour,eval2011-60_5
nécessaires à mon dossier.,nécessaires à mon dossier.,eval2011-60_6
"Veuillez agréer, Madame, Monsieur, l'expression de mes","Veuillez agréer, Madame, Monsieur, l'expression de mes",eval2011-60_7
salutations les meilleures.,salutations les meilleures.,eval2011-60_8
"Avec mon conjoint, nous allons nous installer","Avec mon conjoint, nous allons nous installer",eval2011-61_0
"prochainement dans notre nouvelle habitation,","prochainement dans notre nouvelle habitation,",eval2011-61_1
composée de cinq pièces principales.,composée de cinq pièces principales.,eval2011-61_2
Je souhaiterai recevoir de votre part une,Je souhaiterai recevoir de votre part une,eval2011-61_3
documentation sur les contrats d'assurance.,documentation sur les contrats d'assurance.,eval2011-61_4
Je reste à votre entière disposition pour des rensei-,Je reste à votre entière disposition pour des rensei-,eval2011-61_5
grements complémentaires.,gnements complémentaires.,eval2011-61_6
"Je vous prie de croire, Madame, Monsieur, en","Je vous prie de croire, Madame, Monsieur, en",eval2011-61_7
l'assurance de mes salutations distinguées.,l'assurance de mes salutations distinguées.,eval2011-61_8
ai passé commande de trois paires de chaussettes le,J'ai passé commande de trois paires de chaussettes le,eval2011-62_0
"lu février dervier, je souhaite modifier cette emmarde","14 février dernier, je souhaite modifier cette commande",eval2011-62_1
si possible et cmmarder si poosible 6 paires,si possible et commander si possible 6 paires,eval2011-62_2
de chauusstté.,de chaussettes.,eval2011-62_3
Veuillez prendre en compte cette modification.,Veuillez prendre en compte cette modification.,eval2011-62_4
Reveraiements,Remerciements,eval2011-62_5
Je vous informe de mon changement d'adesse postale en,Je vous informe de mon changement d'adresse postale en,eval2011-63_0
"raison de mon installation récente avec mon conpoirt, veuillez","raison de mon installation récente avec mon conjoint, veuillez",eval2011-63_1
donc prendre le considération les coordonnées indiquées ci dessus.,donc prendre en considération les coordonnées indiquées ci dessus .,eval2011-63_2
"Vous remerciant d'avance, veuillez agréer l'expression de","Vous remerciant d'avance, veuillez agréer, l'expression de",eval2011-63_3
mes salutations distinguées.,mes salutations distinguées.,eval2011-63_4
Je vous écris afin de vous faire part de mon,Je vous écris afin de vous faire part de mon,eval2011-64_0
changement de situation. J'ai en effet donné naissance,changement de situation. J'ai en effet donné naissance,eval2011-64_1
à un petit garçon la semaine dernière.,à un petit garçon la semaine dernière.,eval2011-64_2
Je vous prie de bien vouloir mettre à jour mes,Je vous prie de bien vouloir mettre à jour mes,eval2011-64_3
données personnelles pour mon contrat d'assurance.,données personnelles pour mon contrat d'assurance.,eval2011-64_4
Nrésitez pas à me contacter pour toute information,N'hésitez pas à me contacter pour toute information,eval2011-64_5
supplémentaire.,supplémentaire.,eval2011-64_6
"Je vous prie d'agréer, Madame, Monsieur, l'expression","Je vous prie d'agréer, Madame, Monsieur, l'expression",eval2011-64_7
de mes sincères salutations,de mes sincères salutations,eval2011-64_8
Je désirerais recevoir de la documentation,Je désirerais recevoir de la documentation,eval2011-65_0
concernant vos contrats d'assurance,concernant vos contrats d'assurance,eval2011-65_1
automobile,automobile.,eval2011-65_2
Salutations distinguées,Salutations distinguées,eval2011-65_3
"Je vous écris pour vous faire part de mon mécontertement. En effet,","Je vous écris pour vous faire part de mon mécontentement. En effet,",eval2011-66_0
je vous ai envoyé un courrier il y a plus d'un mois dans le quel j'expliquais,"je vous ai envoyé un courrier il y a plus d'un mois dans lequel, j'expliquais",eval2011-66_1
Veuillez recevoir mes salutations distinguées.,Veuillez recevoir mes salutations distinguées.,eval2011-66_10
"mon problème inscrite à l'ANPE depuis six mois, je ne ne suis vve poposée","mon problème : inscrite à l'ANPE depuis six mois, je ne me suis vue proposée",eval2011-66_2
aucun poste car respondant à mon profil. J'ai 52 ans et je suis diplonée en,aucun poste correspondant à mon profil. J'ai 52 ans et je suis diplômée en,eval2011-66_3
"architecture. J'ai plus de 20 ans d'expérience dans le métier. Malgré ce la,","architecture. J'ai plus de 20 ans d'expérience dans le métier. Malgré cela,",eval2011-66_4
mon conseiller ANPEne ne propose que des emplois sous-qualitiés.,mon conseiller ANPE ne me propose que des emplois sous-qualifiés.,eval2011-66_5
"Suite à mon courrier précédent, j'attendais des explications de votre part","Suite à mon courrier précédent, j'attendais des explications de votre part",eval2011-66_6
Ou au noins une réponse quelconque. Je n'ai à ce jour rien reçu-,ou au moins une réponse quelconque. Je n'ai à ce jour rien reçu.,eval2011-66_7
J'aimerais enfin avoir une réponse ou du moins connaître les raisons de,J'aimerais enfin avoir une réponse ou du moins connaître les raisons de,eval2011-66_8
votre silence.,votre silence.,eval2011-66_9
Suite à mon emménagement récent avec,Suite à mon emménagement récent avec,eval2011-67_0
"mon conjoint, je vous fais part du changement","mon conjoint, je vous fais part du changement",eval2011-67_1
de mes données pessonnelles.,de mes données personnelles.,eval2011-67_2
vous trouverez en tête de page mes nouvelles,Vous trouverez en tête de page mes nouvelles,eval2011-67_3
coordonnées postales.,coordonnées postales.,eval2011-67_4
Vous remerciant de prendre ces changements,Vous remerciant de prendre ces changements,eval2011-67_5
"en compte,",en compte.,eval2011-67_6
"Cordialement,","Cordialement,",eval2011-67_7
"Suite à une revision de ma commande, je ne","Suite à une révision de ma commande, je ne",eval2011-68_0
suis rendu compte que la quartité de chaussettes,suis rendu compte que la quantité de chaussettes,eval2011-68_1
que je vous ai commandée était insuffisante.,que je vous ai commandée était insuffisante.,eval2011-68_2
Ainsi je souhaiterai modifier ma commande et doubler,Ainsi je souhaiterai modifier ma commande et doubler,eval2011-68_3
la quartité de chaussettes commandée.,la quantité de chaussettes commandée.,eval2011-68_4
"En vous remerciant par avance,",En vous remerciant par avance.,eval2011-68_5
Coordialement.,Coordialement .,eval2011-68_6
"Suite à l'inventaire annuel de notre entreprise,","Suite à l'inventaire annuel de notre entreprise,",eval2011-69_0
nous devons procéder à l'enregistrement des données récoltées.,nous devons procéder à l'enregistrement des données récoltées.,eval2011-69_1
"Dans ce cadre, je désirerais vous commander un lot de","Dans ce cadre, je désirerais vous commander un lot de",eval2011-69_2
cinquante CD vierges (référence produit : 010- 45-CDV ),cinquante CD vierges (référence produit : 010-25-CDV).,eval2011-69_3
En vous remerciant de l'interêr que vous porterez,En vous remerciant de l'intérêt que vous porterez,eval2011-69_4
"à cette demande, veuillez recevoir, madame, monsieur,","à cette demande, veuillez recevoir, madame, monsieur,",eval2011-69_5
l'expression de mes salutations distinguées.,l'expression de mes salutations distinguées.,eval2011-69_6
"Je vous prie de bien vouloir augmenter,","Je vous prie de bien vouloir augmenter,",eval2011-6_0
si possible de doubler les quartités,si possible de doubler les quantités,eval2011-6_1
d'actions boursières que je vous ai,d'actions boursières que je vous ai,eval2011-6_2
commandé.,commandé.,eval2011-6_3
vous remerciant par avance de l'interêt,Vous remerçiant par avance de l'intérêt,eval2011-6_4
"que vous porterez à ma requête, recevez","que vous porterez à ma requête, recevez",eval2011-6_5
"Madame, Monsieur, mes sincères salutations.","Madame, Monsieur, mes sincères salutations.",eval2011-6_6
Pourriez vous doubler mes actions boursières,Pourriez vous doubler mes actions boursières,eval2011-70_0
à compter de ce jour. Voici mes références clients :,à compter de ce jour. Voici mes réfèrences clients :,eval2011-70_1
CTJH119.,CTJMI 19.,eval2011-70_2
"Veuillez agréer Madame, Monsieur, l'expression de","Veuillez agréer Madame, Monsieur, l'expression de",eval2011-70_3
mes salutations distinguées.,mes salutations distinguées.,eval2011-70_4
JE MF PERMFT DT VOIS FCRIRE POUR AVoIr,JE ME PERMETS DE VOUS ECRIRE POUR AVOIR,eval2011-71_0
DE LA DOEUMENTATICN SUR VOS ASSUPANCES,DE LA DOCUMENTATION SUR VOS ASSURANCES,eval2011-71_1
PPUTC MOBILE,AUTOMOBILE,eval2011-71_2
"FN EFFET, JE CUMPTE LCHANEER D'ASSURANIE TEST","EN EFFET, JE COMPTE CHANGER D'ASSURANCE C'EST",eval2011-71_3
POUR CEL ILE JE VIIS SOLICIiTE,POUR CELA QUE JE VOUS SOLICITE,eval2011-71_4
Actuellement cliente chez une compagnie,Actuellement cliente chez une compagnie,eval2011-72_0
"d'assurances concurrente, j'ai pris connaissance de vos","d'assurances concurrente, j'ai pris connaissance de vos",eval2011-72_1
rendez-vous avec l'un de vos conseillers afin de,rendez-vous avec l'un de vos conseillers afin de,eval2011-72_10
remplir les documents nécessaires à mon affiliation.,remplir les documents nécessaires à mon affiliation.,eval2011-72_11
"En vous remerciant, je vous prie d'agréer,","En vous remerciant, je vous prie d'agréer,",eval2011-72_12
"Madame, Monsieur, l'expression de mes salutations","Madame, Monsieur, l'expression de mes salutations",eval2011-72_13
distinguées.,distinguées.,eval2011-72_14
"offres via votre sile internet, offres qui m'intéressent","offres via votre site internet, offres qui m'intéressent",eval2011-72_2
particulièrement.,particulièrement.,eval2011-72_3
Je souhaiterais donc connaître les différenter,Je souhaiterais donc connaître les différentes,eval2011-72_4
démarches à effectuer afin de devenir client de votre,démarches à effectuer afin de devenir client de votre,eval2011-72_5
établissement.,établissement.,eval2011-72_6
Pourriez-vous me communiquer les brochures,Pourriez-vous me communiquer les brochures,eval2011-72_7
relatires aux assurances habitation et voiture.,relatives aux assurances habitation et voiture.,eval2011-72_8
"De même, serait-il possible d'obtenir un","De même, serait-il possible d'obtenir un",eval2011-72_9
Je vous prie de bien vouloir prendre en compte ma commande,Je vous prie de bien vouloir prendre en compte ma commande,eval2011-73_0
d'un lot de cinquante CD vier ges (référence 010-25-CDV).,d'un lot de cinquante CD vierges (référence 010-25-CDV).,eval2011-73_1
Veuillez trouver ci joint un chèque bancaire et je vous,Veuillez trouver ci joint un chèque bancaire et je vous,eval2011-73_2
remercie de bien vouloir traiter ma commande dans les,remercie de bien vouloir traiter ma commande dans les,eval2011-73_3
dlus brefs délais.,plus brefs délais.,eval2011-73_4
"Je vous prie d'agréer, Madame, Monsieur, mes salutations","Je vous prie d'agréer, Madame, Monsieur, mes salutations",eval2011-73_5
distinguées.,distinguées.,eval2011-73_6
J'aimerais recevoir un catalogue de vos produits.,J'aimerais recevoir un catalogue de vos produits.,eval2011-74_0
Mes références client dans votre société sont XRNSZ08.,Mes références client dans votre société sont XRNSZ08.,eval2011-74_1
"Veuillez agréer, Madame, Monsieur, l'expression de mes salutations","Veuillez agréer, Madame, Monsieur, l'expression de mes salutations",eval2011-74_2
distinguées.,distinguées.,eval2011-74_3
Je viens par la présente vous due mon eNonnement.,Je viens par la présente vous dire mon Nornement.,eval2011-75_0
En effer mon véhicule a subit des dégats lors,En effet mon véhicule a subit des dégats lors,eval2011-75_1
de l'accident que j'ai eu le 1 février 2007.,de l'accident que j'ai eu le 1 février 2007.,eval2011-75_2
Or à ce jour il n'y a toujours pas en,Or à ce jour il n'y a toujours pas eu,eval2011-75_3
d'espertise sur ce véhicule.,d'expertise sur ce véhicule.,eval2011-75_4
Veuillez s'il vous plait me dère quand cette,Veuillez s'il vous plait me dire quand cette,eval2011-75_5
et jervise sera effectuée. D'attends votre reponse,expertise sera effectuée. J'attends votre réponse,eval2011-75_6
ragidemment par retour du courrier.,rapidemment par retour du courrier.,eval2011-75_7
"Je vous prie d'agréer, onsieur, mes salutations","Je vous prie d'agréer, Monsieur, mes salutations",eval2011-75_8
distinguées.,distinguées.,eval2011-75_9
Je reviens vers vous avec ce courrier puisque ma dernière,Je reviens vers vous avec ce courrier puisque ma dernière,eval2011-76_0
lettre est restée sans suite. Je vous ai écrit le mois dernier,lettre est restée sans suite. Je vous ai écrit le mois dernier,eval2011-76_1
"Je reste donc à votre disposition, merci de traiter","Je reste donc à votre disposition, merci de traiter",eval2011-76_10
rapidement ma demande sinon je serais dans l'obligation,rapidement ma demande sinon je serais dans l'obligation,eval2011-76_11
de soisir la repression des frandes.,de saisir la répression des fraudes.,eval2011-76_12
"Veuillez agréer, Monsieur, Madame, mes salutations.","Veuillez agréer, Monsieur, Madame, mes salutations.",eval2011-76_13
"pour un prélèvement excessif, il semblerait que vos services","pour un prélèvement excessif, il semblerait que vos services",eval2011-76_2
aient prélevé une somme suite à une erreur. La somme,aient prélevé une somme suite à une erreur. La somme,eval2011-76_3
"étant importante, j'aurais souhaité un remboursement","étant importante, j'aurais souhaité un remboursement",eval2011-76_4
rapide.,rapide.,eval2011-76_5
Je pense que vous avez toutes les informations,Je pense que vous avez toutes les informations,eval2011-76_6
nécessiires pour me rembourier. Dans le cas inverce,nécessaires pour me rembourser. Dans le cas inverse,eval2011-76_7
n'hesitez pas à me contacter pour que je vous les,n'hésitez pas à me contacter pour que je vous les,eval2011-76_8
fournisse.,fournisse.,eval2011-76_9
"le 10 février2007, je vous ai adressé un courrier afin","Le 10 février 2007, je vous ai adressé un courrier afin",eval2011-77_0
d'obtenir des informations sur les conditions de réabonnement à,d'obtenir des informations sur les conditions de réabonnement à,eval2011-77_1
"votre magazine. A cejour, ma lettre est restée sans réponse.","votre magazine. A ce jour, ma lettre est restée sans réponse.",eval2011-77_2
Pourriez-vous y rémédéer rapidement afin que mon,Pourriez-vous y rémédier rapidement afin que mon,eval2011-77_3
abonnement ne soit pas interrompu ?,abonnement ne soit pas interrompu ?,eval2011-77_4
"Je vous remercie d'avance et vous prie d'agréer, Madame,","Je vous remercie d'avance et vous prie d'agréer, Madame,",eval2011-77_5
"Monsieur, l'expression de mes salutations distinguées.","Monsieur, l'expression de mes salutations distinguées.",eval2011-77_6
Cela fait maintenant presque un mois que je vous ai adressé,Cela fait maintenant presque un mois que je vous ai adressé,eval2011-78_0
une demande d'information concernant la possibilité de rérévaluation,une demande d'information concernant la possibilité de ré-évaluation,eval2011-78_1
de mes biens immobilieus couvert par mon assurance habitation.,de mes biens immobiliers couvert par mon assurance habitation.,eval2011-78_2
"Je n'ai, ce ce jour, toujours pas reçu la moindre reponse de votre","Je n'ai, a ce jour, toujours pas reçu la moindre reponse de votre",eval2011-78_3
"part. Client de votre compagnie depuis plus de 20 aur, je m'avaux","part. Client de votre compagnie depuis plus de 20 ans, je m'avoue",eval2011-78_4
franchement surpris de votre attitude ?,franchement surpris de votre attitude !,eval2011-78_5
"En espérant un simple oublir de votre part, je vous prie donc","En espérant un simple oublis de votre part, je vous prie donc",eval2011-78_6
de bien vouloir m'adresser les informations demandées dans les,de bien vouloir m'adresser les informations demandées dans les,eval2011-78_7
meilleurs délais.,meilleurs délais.,eval2011-78_8
"Cordialement à vous,","Cordialement à vous,",eval2011-78_9
"Vctuellement domiciliés à Sctilierbacte, nous déménageors très","Actuellement domiciliés à Schlierbach, nous déménageons très",eval2011-79_0
"prochainement. Aussi, aurais je souhaite recevoir tous les","prochainement. Aussi, aurais-je souhaité recevoir tous les",eval2011-79_1
documents iusceptibles de m'intérenser afin d'effectuer un comparatif,documents susceptibles de m'intéresser afin d'effectuer un comparatif,eval2011-79_2
concernant les contrats d'assurance habitation de votre compagnie.,concernant les contrats d'assurance habitation de votre compagnie.,eval2011-79_3
Merci d'avance,Merci d'avance,eval2011-79_4
Très Cordialement,Très Cordialement,eval2011-79_5
Je vous informe que j'ai malencontreusement provoqué,Je vous informe que j'ai malencontreusement provoqué,eval2011-7_0
un accident de la circulation le 11 MarS 2007 à Forbach.,un accident de la circulation le 11 Mars 2007 à Forbach.,eval2011-7_1
"Effectivement, je me suis avancee après un 5708, et avec le","Effectivement, je me suis avancée après un STOP, et avec le",eval2011-7_2
"soieit, je n'ai pas vu le motard arrivé. Les dégât, sont","soleil, je n'ai pas vu le motard arrivé. Les dégâts sont",eval2011-7_3
uniquement matériel.,uniquement matériel.,eval2011-7_4
Vous trouverez ci-joint le constat d'accident.,Vous trouverez ci-joint le constat d'accident.,eval2011-7_5
Je reste à votre disposition pour apporter toute précision,Je reste à votre disposition pour apporter toute précision,eval2011-7_6
utile.,utile.,eval2011-7_7
"Recevez, Madame, Monsieur, l'assurance de me sentiments","Recevez, Madame, Monsieur, l'assurance de mes sentiments",eval2011-7_8
distingués.,distingués.,eval2011-7_9
J'Ai l'houreu de reclamier par la présente la,J'ai l'honneur de reclamer par la présente la,eval2011-80_0
mensalisation du pient de l'impot sur le,mensualisation du paiement de l' impot sur le,eval2011-80_1
reven. Merci de me fire parveni un écheancier.,revenu. Merci de me faire parvenir un échéancier,eval2011-80_2
"Cordialemnt,","Cordialement,",eval2011-80_3
Je voudrais par la présente passer,Je voudrais par la présente passer,eval2011-81_0
une commande pour un lot de cinquante,une commande pour un lot de cinquante,eval2011-81_1
CD vierges (référrence du produist :,CD vierges (référence du produit :,eval2011-81_2
010-25-CDV). Je voudrais me faire levrer,010-25-CDV). Je voudrais me faire livrer,eval2011-81_3
celle commande à l'adresse ci-dessus.,cette commande à l'adresse ci-dessus.,eval2011-81_4
Ci-joint mon chèque de règlement de,Ci-joint mon cheque de réglement de,eval2011-81_5
50.00 €.,"50,00 €.",eval2011-81_6
"Merci d'avance, et sincères salutation","Merci d'avance, et sincères salutations.",eval2011-81_7
"Veuillez, je vous prie, résilier mon contrat d'assurance","Veuillez, je vous prie, résilier mon contrat d'assurance",eval2011-82_0
au tomobile concernant le véhicule 3055 NP 54 à la,automobile concernant le véhicule 3055 NP 54 à la,eval2011-82_1
date d'échéance du 31 mars 2007.,date d'échéance du 31 mars 2007.,eval2011-82_2
En vous remerciant.,En vous remerciant.,eval2011-82_3
"Je vous prie d'agréer, Madame, Monsieur, mes meilleures salutations.","Je vous prie d'agréer, Madame, Monsieur, mes meilleures salutations.",eval2011-82_4
Je vous demande par la présente de bien,Je vous demande par la présente de bien,eval2011-83_0
vouloir m'indiquer la marche à suivre,vouloir m'indiquer la marche à suivre,eval2011-83_1
pour deventx client de votre lanque en,pour devenir client de votre banque en,eval2011-83_2
suvrant un compte chez vous. J'espère,ouvrant un compte chez vous. J'espère,eval2011-83_3
avoir une réponse capide de votre part.,avoir une réponse rapide de votre part.,eval2011-83_4
"Dans cette attente, veuillez agréer,","Dans cette attente, veuillez agréer,",eval2011-83_5
"Madame, Monsieur, l'expression de mes","Madame, Monsieur, l'expression de mes",eval2011-83_6
salutations distinguées.,salutations distinguées.,eval2011-83_7
Etant insatisfait du téléphone mobile KB-38 que vous,Etant insatisfait du téléphone mobile KB-3P que vous,eval2011-84_0
"venez de me livrer, je souhaiterais me faire","venez de me livrer, je souhaiterais me faire",eval2011-84_1
rembourser.,rembourser.,eval2011-84_2
"Comptant sur votre compréhension, je vous prie","Comptant sur votre compréhension, je vous prie",eval2011-84_3
"d'agréer, Monsieur, l'expression de mes salutations","d'agréer, Monsieur, l'expression de mes salutations",eval2011-84_4
distinguées.,distinguées.,eval2011-84_5
"Suite à mon licenciement, il ne m'est","Suite à mon licenciement, il ne m'est",eval2011-85_0
plus posible de contimner de lels versements,plus possible de continuer de tels versements,eval2011-85_1
C'est pourquoi je souhaiterai passer de 60 à 45,c'est pourquoi je souhaiterai passer de 60 à 45,eval2011-85_2
euros mensuels.,euros mensuels.,eval2011-85_3
"Comptant su votre compréhension, je vous","Comptant sur votre compréhension, je vous",eval2011-85_4
prie d'agréer mes salutations.,prie d'agréer mes salutations.,eval2011-85_5
"Monsieur, depuis le 02 Fevris 2007 je suis","Monsieur, depuis le 02 Fevrier 2007 je suis",eval2011-86_0
"devenu mamau d'un pelit garçon, j'aimerais avoir","devenu maman d'un petit garçon, j'aimerais avoir",eval2011-86_1
un rendez-vous pour sousrir à uns manturelle sonbi.,un rendez-vous pour ¤souscrire¤ à une mutuelle santé,eval2011-86_2
"Je vous pris d'agrée, monsieur, mes","Je vous pris d'agrée , monsieur, mes",eval2011-86_3
salutations distinguées,salutations distinguées,eval2011-86_4
Je vous fait part par cette présente lettre de,Je vous fait part par cette présente lettre de,eval2011-87_0
mon souhait de mensualiser l'impôt sur le revenu pour,mon souhait de mensualiser l'impôt sur le revenu pour,eval2011-87_1
l'année 2007.,l'année 2007.,eval2011-87_2
Je vous serais reconnaissante de bien vouloir prendre,Je vous serais reconnaissante de bien vouloir prendre,eval2011-87_3
en compte cette demande dans les plus brefs délais.,en compte cette demande dans les plus brefs délais.,eval2011-87_4
"Veuillez agréer, Madame, Monsieur, mes salutations","Veuillez agréer, Madame, Monsieur, mes salutations",eval2011-87_5
distinguées,distinguées,eval2011-87_6
"Etant interessée par vos produits, pourriez-vous m'envoyer","Etant interessée par vos produits, pourriez-vous m'envoyer",eval2011-88_0
votre catalogue ? Ma référence client est CQBIP 91,votre catalogue ? Ma référence client est CQBTP 91,eval2011-88_1
Je vous en remercie par avance et vous adresse mes,Je vous en remercie par avance et vous adresse mes,eval2011-88_2
Sincères salutations.,sincères salutations.,eval2011-88_3
Par la présente je vous informe que,Par la présente je vous informe que,eval2011-89_0
j'ai eu un accident le 13 nar5 2007,j'ai eu un accident le 13 Mars 2007,eval2011-89_1
avec mon vehicule assuré chez- vous,avec mon véhicule assuré chez vous,eval2011-89_2
J'ai percuté l'arriere d'un vehicule.,J'ai percuté l'arrière d'un véhicule.,eval2011-89_3
Les desuts sont unique m'ent materiel.,Les dégats sont uniquement matériel.,eval2011-89_4
Vous trouverez ci-joint le constat.,Vous trouverez ci-joint le constat.,eval2011-89_5
Merci de m'indiquer la marche à suivre,Merci de m'indiquer la marche à suivre,eval2011-89_6
pour la suite.,pour la suite.,eval2011-89_7
Cordialement,Cordialement.,eval2011-89_8
"Auriez-vous l'obligeance de ne communiquer, par","Auriez-vous l'obligence de me communiquer, par",eval2011-8_0
"tout moyen à votre convenance, le détail de vos","tout moyen à votre convenance, le détail de vos",eval2011-8_1
"horaires d'ouverture au public, afin de préparer","horaires d'ouverture au public, afin de préparer",eval2011-8_2
au mieux ma future visite à votre agence.,au mieux ma future visite à votre agence.,eval2011-8_3
Je vous en remercie par avance et vous,Je vous en remercie par avance et vous,eval2011-8_4
"prie d'agréer, Messieurs, l'expression de mes","prie d'agréer, Messieurs, l'expression de mes",eval2011-8_5
salutations distinguées.,salutations distinguées.,eval2011-8_6
"Mon courier du 7 févier 2007, dans lequel, je vous fairais part","Mon courrier du 7 février 2007, dans lequel, je vous faisais part",eval2011-90_0
"de ma réclamation, est restée sans réponse de","de ma réclamation, est restée sans réponse de",eval2011-90_1
votre part.,votre part.,eval2011-90_2
Cela fait donc plus d'un mois que vaus êtes,Cela fait donc plus d'un mois que vous êtes,eval2011-90_3
en possession de mon courrier.,en possession de mon courrier.,eval2011-90_4
"Merci d'en prendre note, et de me répondre","Merci d'en prendre note, et de me répondre",eval2011-90_5
au plus vite.,au plus vite.,eval2011-90_6
"Dans l'attente,","Dans l'attente,",eval2011-90_7
"Veuillez agrée Madame, mes sincères salutations","Veuillez agrée Madame, mes sincères salutations",eval2011-90_8
Je m'adresse à vous an ce jour du 01 mars 2007 pour vous faire,Je m'adresse à vous en ce jour du 01 mars 2007 pour vous faire,eval2011-91_0
part de mon profond désarnoi.,part de mon profond désarroi.,eval2011-91_1
"En vous remeciant de n'avoir écontée, je vous","En vous remerciant de m'avoir écoutée , je vous",eval2011-91_10
"prie d'aggréer, Madame, Monsieur, mes sincères salutations.","prie d' aggréer , Madame, Monsieur, mes sincères salutations.",eval2011-91_11
"En effet, depuis plusiens mois, les difficultés financières ne cessent","En effet, depuis plusieurs mois, les difficultés financières ne cessait",eval2011-91_2
de s'accemuler au point que mon endettement est devenu trop important,de s'accumuler au point que mon endettement est devenu trop important,eval2011-91_3
par que je puisse n'occepor de ma famille au quotidier.,pour que je puisse m'occuper de ma famille au quotidien.,eval2011-91_4
"J'ai conscierce de la grandleur du geste de bonté que je vous demade,","J'ai conscience de la grandeur du geste de bonté que je vous demande,",eval2011-91_5
et je vous prie de moire que jamais je ne vous aurai demandé cetle,et je vous prie de croire que jamais je ne vous aurais demandé cette,eval2011-91_6
remise gracieuse si je n'étais pas arrivée au bout de bout.,remise gracieuse si je n'étais pas arrivée au bout du bout.,eval2011-91_7
Mose espèrer que cette grande société qu'est la votre a jardé toute,J'ose espérer que cette grande société qu'est la votre a gardé toute,eval2011-91_8
son Remarité et soura crécler une famille à repartir à 2éro.,son humanité et saura aider une famille à repartir à zéro.,eval2011-91_9
"Je posède un compte courant dans votre agence depuis plusieurs années,","Je posséde un compte courant dans votre agence depuis plusieurs années,",eval2011-92_0
"Malheureusement, la perte récente de mon emploi de carste me contraint","Malheureusement, la perte récente de mon emploi de cariste me contraint",eval2011-92_1
aujourdhui à procéder à la fermeture de ce compte (N° HPJM216),aujourd'hui à procéder à la fermeture de ce compte (N° HPJM216),eval2011-92_2
Je reste à votre disposition pour tout renseignements complémentaires.,Je reste à votre disposition pour tout renseignements complémentaires.,eval2011-92_3
Je vous remercie par avance de l'interêt que vous porterez à ma,Je vous remercie par avance de l'intérêt que vous porterez à ma,eval2011-92_4
demande.,demande.,eval2011-92_5
"Je vous prie d'agréer mes sincères salutations,","Je vous prie d'agréer mes sincères salutations,",eval2011-92_6
J'ai effectué une commande 50 CA vierges,J'ai effectué une commande 50 CD vierges,eval2011-93_0
(References : 010-25-CDV) à partir de votre site internêt.,( References : 010-25-CDV) à partir de votre site internet.,eval2011-93_1
"Ayant recemment changé mon or dinateur et donc mon graveur,","Ayant récemment changé mon ordinateur et donc mon graveur,",eval2011-93_2
"je me vois obligé de modifier le format des Els commandés,",je me vais obligé de modifier le format des CDs commandés,eval2011-93_3
Voici la référence que je désire à présent : 010-25-CDV.,Voici la référence que je désire à présent : 010 25 CDW,eval2011-93_4
Merci de prendre en compte ma requête dans les meilleures,Merci de prendre en compte ma requête dans les meilleures,eval2011-93_5
conditions.,conditions.,eval2011-93_6
"Veuillez acceptez Madame, Monsieur mes erecusez pour la gêne","Veuillez acceptez Madame, Monsieur mes excuses pour la gêne",eval2011-93_7
occasionée ainsi que l'expression de mes sincères salutations.,occasionée ainsi que l'expression de mes sincères salutations.,eval2011-93_8
"Je viens par ce courier, aareter mon contrat","Je viens par ce courier , arreter mon contrat",eval2011-94_0
Pour l'assurance le ma paisor car je viens ne la,par l'assurance De Ma Maison car je viens Me la,eval2011-94_1
venche-,vendre.,eval2011-94_2
Merci de faire le necessaire,Merci de faire le necessaire,eval2011-94_3
cordialement.,Cordialement.,eval2011-94_4
Je me permet de premdre contact avec votre service asin l'avoir le plus amples,Je me permets de prendre contact avec votre service afin d'avoir de plus amples,eval2011-95_0
renseignements sur les horaires d'accueil du public pour la périsde actuelle et,renseignements sur les horaires d'accueil du ¤public¤ pour la période actuelle et,eval2011-95_1
les éventuelles valiations de ceuroci pour les mois à venir (péridde estivale).,les éventuelles variations de ceux-ci pour les mois à venir (période estivale).,eval2011-95_2
"Dans l'attente d'une réponse de votre part, je vous prie de croire, madame,","Dans l'attente d'une réponse de votre part, je vous prie de croire, Madame,",eval2011-95_3
"monsieur, à l'expression de mes meillers sentiments.","Monsieur, à l'expression de mes meilleurs sentiments.",eval2011-95_4
"Je vous informe pas la présante lettre que, pour des reisnr","Je vous informe par la présente lettre que, pour des raisons",eval2011-96_0
"purcemde, j'ni été dans l'obtigation de clétarer mon compte (n0 903300A/0165)","personnelles, j'ai été dans l'obligation de clôturer mon compte (N° 90370DA80165)",eval2011-96_1
"Sincères lemerciements,","Sincères remerciements,",eval2011-96_10
"Cordialement,",Cordialement.,eval2011-96_11
et aler ouvoir un nouveau auprès d'une autre banque.,et d'en ouvrir un nouveau auprès d'une autre banque.,eval2011-96_2
"let ditue ne puud pan effet immédisantement, mais à compter du 01/03/2007.","La clôture ne prend pas effet immédiatement, mais à compter du 01/03/2007.",eval2011-96_3
"Conformément aux régles de modifications de donnés pervemelles, je souhaite envour","Conformément aux règles de modifications de données personnelles, je souhaite exercer",eval2011-96_4
"mon doit à rectification de quelques information, ne concernant.",mon droit à rectification de quelques informations me concernant.,eval2011-96_5
"Eftectivemert, mes coordonnées boncaires ayents été modifier, je vous demande de","Effectivement, mes coordonnées bancaires ayant été modifiées, je vous demande de",eval2011-96_6
bien vouloir protare les commandes de charbon sur mon nouveau compte,bien vouloir facturer les commandes de charbon sur mon nouveau compte,eval2011-96_7
(N° 2O381 KT17/05) à partir du 01/03/2007.,(N° 20981 KT 17105) à partir du 01/03/2007.,eval2011-96_8
"Pour ce foire, je vou join à ce courriecloriquet d'un relevé d'identilibncaire.","Pour ce faire, je vous joins à ce courrier l'original d'un relevé d'identité bancaire.",eval2011-96_9
Je me permets de vous adresser une,Je me permets de vous adresser une,eval2011-97_0
"demande de catalogue. En effet, je suis","demande de catalogue. En effet, je suis",eval2011-97_1
actuellement à la recherche d'une compagnie,actuellement à la recherche d'un compagnie,eval2011-97_2
d'assurances et les produits que vous,d'assurances et les produits que vous,eval2011-97_3
proposez semblent répondre parfaitement,proposez semblent répondre parfaitement,eval2011-97_4
à mes besoins.,à mes besoins.,eval2011-97_5
En espérant que ms requête oltienne satis-,En espérant que ma requête obtienne satis-,eval2011-97_6
"faction, veuillez recevoir madame, monsieur,","faction, veuillez recevoir madame, monsieur,",eval2011-97_7
l'expression de ma considération.,l'expression de ma considération.,eval2011-97_8
Je vous ai fait parvenir dernièrement un courrier demandant,Je vous ai fait parvenir dernièrement un courrier demandant,eval2011-98_0
"la résiliation de mon assurance. Aussi, ce courrier demeune sans","la résiliation de mon assurance. Aussi, ce courrier demeure sans",eval2011-98_1
réponse de votre part et surtant ma résiliation n'a pas été,réponse de votre part et surtout ma résiliation n'a pas été,eval2011-98_2
prise en compte. Je vous demande de faire le nécessaire cette,prise en compte. Je vous demande de faire le nécessaire cette,eval2011-98_3
fois-ci.,fois-ci.,eval2011-98_4
"Je vous prie de croire, Madame, Monsieur, en l'expression de mes","Je vous prie de croire, Madame, Monsieur, en l'expression de mes",eval2011-98_5
respectueuses salutations.,respectueuses salutations.,eval2011-98_6
"je vous envoye coue rettre puisqe, je souhaite m'abonner","Je vous envoye cette lettre puisque, je souhaite m'abonner",eval2011-99_0
"à votre nenvel Feurs et renquez. Effectivement, j'apprecie","à votre mensuel ""Fleurs et Merguez"". Effectivement, j'apprecie",eval2011-99_1
votre magazine et au lien de les acheter tous les,votre magazine et au lieu de les acheter tous les,eval2011-99_2
mas je préfère les recevoir à domicile. J'ai de plus,mois je préfère les recevoir à domicile. J'ai de plus,eval2011-99_3
étant à la retraite davantage de temps.,étant à la retraite davantage de temps.,eval2011-99_4
Je couhaiterais donc déloutir mon abonnement pour le,Je souhaiterais donc débuter mon abonnement pour le,eval2011-99_5
mois d'avril. Je auppose que je bénéficierais d'une petite,mois d'avril. Je suppose que je bénéficierais d'une petite,eval2011-99_6
réduction.,réduction.,eval2011-99_7
"Dans l'attente de votre réponse, je vous prie d'agréer","Dans l'attente de votre réponse, je vous prie d'agréer",eval2011-99_8
"Madame, Monsieur l'expression de mes salutations les meilleures","Madame, Monsieur l'expression de mes salutations les meilleures.",eval2011-99_9
"J'ai vu une publicité sur votre société,","J'ai vu une publicite sur votre société,",eval2011-9_0
on m'en a déjà dit du bien par ailleurs,on m'en a déjà dit du bien par ailleurs,eval2011-9_1
alors je souhaiterai avoir des documents,alors je souhaiterai avoir des documents,eval2011-9_2
pour une ouverture de compte chez vous,pour une ouverture de compte chez vous,eval2011-9_3
Je reste à votre disposition en espérant,Je reste à votre disposition en espérant,eval2011-9_4
avoir bientôt de vos nouvelles,avoir bientôt de vos nouvelles,eval2011-9_5
"Cordialement,","Cordialement,",eval2011-9_6
